{"cameraMode":{"drawMode":0,"name":"Shaded","section":"Shading Mode"},"sceneLighting":false,"audioPlay":false,"sceneViewState":{"showFog":true,"showMaterialUpdate":false,"showSkybox":false,"showFlares":true,"showImageEffects":true,"showParticleSystems":true},"in2DMode":false,"pivot":{"x":-1.119999885559082,"y":-3.4625325202941896,"z":2.6820573806762697},"rotation":{"x":-0.17033223807811738,"y":-0.39931023120880129,"z":0.07573989033699036,"w":-0.8977280259132385},"size":7.9957733154296879,"orthographic":true}